{
  "r2": 0.030528732373174994,
  "rmse": 0.019459650112447543
}